latitude,longitude,start_date,end_date,department_id,conflict
23.013011894659453,87.32119413620987,2024-01-19,2024-06-23,4,0
36.76210490110287,95.48721576263014,2024-01-01,2024-08-17,10,1
18.273066961080236,83.88192783453596,2023-12-23,2024-04-04,1,1
22.516882726826736,92.77504717653679,2024-02-23,2024-06-29,3,0
11.267568978987919,88.42740716337698,2024-06-12,2025-05-19,6,1
34.99420133814368,89.459819780048,2024-05-29,2025-01-20,5,1
28.318046300191,96.3797361770261,2023-11-20,2024-07-10,7,0
26.21124482358049,95.74934463943086,2024-05-06,2024-08-11,10,0
30.81852585043597,74.38440194685472,2023-10-04,2024-04-27,8,1
36.71552771141931,79.68573424848206,2023-10-29,2024-09-20,7,1
10.84125567102734,86.3072808456244,2024-01-09,2024-06-16,6,1
24.763640676631763,84.3447776314595,2024-04-27,2024-06-27,10,0
20.121047602431695,75.50345002207717,2024-04-16,2025-03-21,1,1
8.262383537462723,87.15213006958348,2023-11-07,2024-08-12,9,1
15.286976158078344,94.73209432052457,2024-06-22,2025-03-05,6,0
19.21779117042557,76.915423683445,2023-10-18,2024-01-25,2,0
22.115495008194337,87.6254115059469,2024-01-03,2024-02-03,7,1
16.726805607103138,95.15890648950993,2024-01-27,2024-04-02,2,1
33.51414899574418,72.3112436429116,2023-12-09,2024-04-06,1,0
10.165830750619753,79.66410420662241,2024-02-27,2024-08-25,7,1
14.27052654479662,89.35806784161012,2024-04-29,2025-01-11,9,1
25.652470621973105,94.67594092743676,2024-05-23,2025-05-05,8,1
21.171459180930626,89.95691429595415,2024-07-23,2025-02-23,3,0
10.790818184161733,69.81608909726215,2023-10-19,2024-10-14,8,1
15.599694346762439,81.3064143109643,2023-11-25,2024-03-31,7,1
26.560468122973496,88.2654349377467,2024-02-17,2024-10-05,2,1
12.740033034427995,72.0918262645443,2023-09-10,2024-08-26,7,0
8.787574400370179,72.82218993311017,2023-10-16,2024-07-12,6,1
29.797157045181166,82.73717029019174,2024-01-30,2024-09-30,9,0
31.418439777403645,80.51616739849663,2023-12-22,2024-06-28,3,1
36.945700710445195,78.51815857065078,2023-12-29,2024-09-08,6,0
21.159908734491307,85.32409449686503,2023-12-24,2024-05-24,4,1
27.574689686332587,85.4824422033717,2024-06-28,2025-04-12,6,0
23.152915643785363,86.00317895805944,2024-02-20,2025-02-19,4,0
26.700762842479804,81.70615973301214,2024-06-09,2024-08-10,4,0
36.408855514600646,96.58010068085885,2024-08-09,2024-12-22,2,1
13.949115921332815,86.24079468122721,2023-11-14,2024-08-09,8,1
25.735072251564162,80.60728892213211,2024-03-24,2024-08-22,7,0
31.38381014334087,69.00245252646717,2023-10-13,2024-06-14,5,1
22.6618915028082,96.87399984624852,2024-03-09,2024-11-08,6,1
34.09758268310926,80.34059160564189,2024-08-31,2025-04-07,9,1
20.75255111037772,73.23713500804968,2023-12-17,2024-05-02,4,0
29.883120582073545,79.3871844814561,2024-07-14,2024-11-01,7,0
30.62941580751118,79.2637326642508,2024-04-11,2024-11-05,10,1
34.98613730252899,83.27209705823792,2023-10-07,2024-06-03,7,1
11.392952864819309,85.37833034632617,2024-07-01,2025-02-15,8,1
15.588284979139855,95.78934065867,2023-12-09,2024-07-31,4,0
21.40782542208798,69.10790805684489,2024-01-01,2024-09-21,6,1
21.610573357482394,83.92399866544451,2024-06-30,2025-02-26,1,0
32.30447633564921,89.63613453779436,2024-07-06,2025-04-22,4,0
22.44786767130389,75.20409811922804,2024-06-22,2024-10-28,10,1
28.891491034737456,76.92960540156676,2024-09-03,2025-03-20,8,1
9.405108126644263,87.87516537962976,2023-12-07,2024-01-21,2,1
27.00630310863339,89.51370516186473,2024-06-15,2025-04-08,5,1
25.082554703322412,86.43924549024734,2024-04-12,2025-01-07,10,1
24.609775579849547,75.60615460475901,2024-05-01,2025-01-25,5,1
16.42626749332573,71.96534421957782,2024-04-25,2024-12-27,5,1
11.893621625144212,68.85785770453006,2023-12-10,2024-07-03,9,0
30.886092741094565,90.44068547159216,2024-08-11,2025-01-12,10,0
12.349598220230408,95.05558169103574,2023-12-15,2024-03-05,1,1
27.763676146004826,88.82079479841539,2024-02-27,2024-10-24,8,0
28.306374356958955,68.05371988895263,2024-05-29,2024-10-21,4,0
21.02154314806578,68.32669972688109,2024-01-17,2024-03-28,6,0
29.15211159956001,96.08963384605804,2024-07-23,2024-12-10,3,0
35.40903774580326,81.74149481002767,2024-07-03,2024-12-15,10,1
18.23146684808637,69.79810615795158,2024-05-20,2024-11-11,7,0
9.922545128174658,75.11701117021568,2024-05-08,2025-01-01,3,1
18.440568175044078,90.13204852753975,2024-04-04,2024-05-18,1,1
20.656555465164463,92.84806706099064,2023-11-11,2024-01-15,4,1
21.077468547913924,88.44044725832006,2023-10-23,2024-09-18,2,1
28.385668656486793,93.86834781082872,2024-08-09,2025-03-23,10,1
24.583486377985444,89.86529854638057,2024-08-07,2025-08-01,3,0
30.783395953601218,91.38924898666386,2024-06-01,2025-01-26,3,0
35.34301175733313,69.5149636176856,2024-03-19,2024-12-04,7,1
31.682966814821224,88.2369701831971,2023-12-25,2024-10-07,5,1
31.748511108576704,87.06315833994478,2024-02-07,2024-08-10,10,1
11.646809213961346,94.52978108151495,2023-12-20,2024-10-28,10,1
12.200315272190977,84.24450600619738,2024-03-27,2024-05-03,2,1
31.847244197979084,82.24621593317573,2024-08-10,2025-07-18,8,0
21.125914327510504,71.33640998404373,2024-05-08,2024-11-19,8,0
35.42348710571045,95.38447222545499,2024-03-04,2024-11-24,2,1
26.55991122519046,92.63924004866395,2024-08-05,2025-07-28,10,0
22.231720680607093,84.8053604386706,2023-09-09,2024-01-02,8,0
35.388576788124766,88.83134184442393,2024-04-18,2024-07-16,2,1
14.759525790601844,83.65666601599723,2024-08-16,2025-04-30,9,0
30.14498126621113,85.14840552463491,2024-08-02,2024-10-29,6,1
23.709128213727503,90.48271788508126,2023-10-16,2024-09-02,2,1
23.23202219216873,80.66394230736321,2023-11-20,2024-08-14,3,1
20.064338399781768,87.25117534714661,2023-10-06,2024-02-20,3,0
33.87962425125198,93.28646668319703,2024-02-24,2024-08-30,7,1
13.622710939418095,84.73088555512945,2024-03-05,2024-11-03,6,0
10.123907034960062,70.80158252197067,2024-04-15,2025-04-06,1,1
18.660033384571094,96.1053047014753,2024-03-02,2025-02-19,5,1
29.970057802515502,68.89352795127512,2023-09-16,2024-01-08,10,1
28.503755309350826,88.37946456362648,2024-07-14,2025-06-27,10,1
17.946968929524594,87.35928016671076,2023-12-23,2024-03-14,3,0
35.41003348539028,91.57819368161911,2024-04-20,2024-08-09,9,1
14.535271100929009,90.93624364445583,2024-06-01,2024-12-08,3,1
24.835622416023256,70.7895561433537,2024-02-23,2024-07-10,2,1
9.405074710444849,78.1075690352539,2023-11-07,2024-09-17,7,0
13.643334603169702,83.99964414231106,2023-09-06,2024-06-20,2,1
20.960940114554884,75.58074281705169,2024-03-14,2024-11-01,3,0
10.39404439397339,87.34468055180858,2024-01-22,2024-02-29,6,1
12.064218008422486,84.80336634250034,2023-09-12,2024-04-28,2,0
25.443081903996916,84.78196844734073,2024-01-09,2024-12-02,5,0
12.177367005596375,90.14117525609082,2024-05-25,2024-07-31,10,0
15.943937354036581,75.15788972101414,2023-11-30,2024-07-10,1,1
15.978198030972901,87.15552434107695,2024-04-30,2024-08-01,10,0
35.34475854791677,86.68410298599858,2024-05-11,2025-03-27,5,1
13.69051323919968,85.68911948723839,2023-09-18,2024-01-23,3,1
31.981929533345642,88.11502118680292,2024-05-08,2025-02-25,5,0
23.024833715770498,69.21550747623876,2023-11-24,2024-11-23,1,1
24.46575244880311,84.89214750651357,2023-12-02,2024-06-15,1,0
21.571191584206744,95.96304257681318,2024-04-06,2024-08-19,7,1
33.223155147903306,82.8990120658199,2023-12-26,2024-12-21,2,1
27.81302621220336,89.4882664652433,2023-09-24,2024-07-22,8,1
32.48279925421771,95.18006427010314,2023-12-13,2024-11-24,7,0
16.57045466122754,83.54455901164035,2024-01-28,2025-01-10,1,1
16.413179374463013,87.68381407929249,2023-12-22,2024-03-19,1,1
28.77721511018326,76.01512576389601,2024-07-15,2024-10-19,10,1
23.786427024809456,68.40276315929306,2023-12-12,2024-03-05,3,1
25.786753936157822,81.77386754232954,2024-07-16,2024-08-17,7,0
35.48751736939588,81.43428681158267,2024-02-12,2024-08-08,6,0
28.820897907140054,78.7158460205016,2023-09-06,2023-11-22,5,1
13.61407742914793,86.14104316415289,2023-12-25,2024-07-01,5,0
29.31460525347691,94.35396340307489,2023-12-08,2024-08-18,5,1
27.942550855896915,87.6849269118956,2023-09-07,2023-10-27,7,1
12.616877670815144,73.72478196407356,2024-01-16,2024-04-15,4,1
23.11813798334318,96.50644291858123,2024-05-08,2024-12-02,5,0
36.42381051120918,70.49078945462989,2023-10-18,2024-04-20,10,1
22.815442655439927,68.48609815500265,2024-06-05,2024-11-17,2,1
19.741070781425442,85.45258497268115,2024-05-11,2024-12-04,7,1
14.576476604815152,75.10355481470404,2024-04-03,2024-10-19,4,0
27.750272355208228,82.40706302446031,2023-11-04,2024-01-14,6,0
28.313330966825657,68.61493223801095,2024-01-08,2024-07-20,4,1
22.69146033598291,68.2525446868336,2024-08-16,2025-03-02,3,1
25.510943185472698,80.29646926908005,2023-11-30,2024-01-15,1,1
23.876311287694723,96.09141772276429,2024-05-06,2024-09-19,7,1
24.41422360286833,78.05562842635607,2024-05-19,2025-04-16,3,1
14.662669425430659,75.21016312264744,2024-03-28,2024-12-04,10,1
16.384274891385125,81.74879093953162,2024-05-24,2025-01-03,7,0
26.40044381303367,87.19474414326112,2024-01-07,2024-08-10,8,0
18.92915175508749,80.48627716342385,2023-12-31,2024-07-25,4,1
31.044858689464853,96.1877832106566,2024-02-07,2024-03-15,4,0
9.727674427198108,76.32585414774503,2023-10-21,2024-04-24,10,1
26.05048991661987,78.12807757681254,2024-08-18,2025-03-14,6,0
31.336890054165085,69.97114141542443,2023-10-24,2024-09-09,10,0
36.99440541609114,95.84939070158723,2024-05-29,2024-12-13,2,0
17.48276230643517,74.15480039226338,2024-08-31,2025-06-23,8,0
20.279973650160407,70.49577536160754,2023-12-07,2024-04-13,10,1
20.535388954308353,86.43262880450096,2023-09-21,2024-05-16,6,0
34.37776491170489,89.35413672364534,2024-06-08,2025-05-20,1,1
22.030865721952658,71.36016224132723,2023-11-22,2024-08-01,7,0
22.933129916846006,89.91081882626125,2024-08-20,2025-04-14,3,1
23.60704061362336,89.66900970706554,2024-02-22,2024-04-19,6,1
23.72388398782364,94.76562205884595,2024-06-11,2025-04-23,5,0
11.06842244068793,89.37115065631517,2023-10-18,2024-08-15,5,0
30.57234447528242,94.18826917902908,2024-06-22,2025-04-06,7,1
20.47889559516556,92.63546064767212,2024-08-27,2025-01-28,10,0
32.21223285610544,96.67102711075927,2023-09-09,2024-02-08,6,0
8.76441925528882,68.72569066858186,2024-02-27,2024-06-17,8,0
36.47000123304058,77.84671668009989,2023-11-19,2024-02-15,8,0
25.587659856973758,83.45809102470352,2024-01-05,2024-09-03,10,0
26.4141426659182,76.25005609022593,2024-07-28,2025-06-26,3,1
33.28354679931472,74.71144873956284,2024-08-04,2025-03-12,1,1
14.226828695980618,69.33149568129124,2024-03-30,2024-09-03,5,0
20.201336025652424,90.48784212473512,2024-06-05,2025-05-07,10,1
35.13350975565761,81.38548173992777,2024-01-11,2024-11-19,8,1
32.79510412506757,82.05768067640889,2023-11-10,2024-07-28,8,1
15.382996990706548,70.21497991541096,2023-11-01,2023-12-19,6,0
25.08993344314574,91.21778172673643,2024-01-11,2024-07-17,2,1
19.59403469360049,70.65667480576344,2023-10-03,2024-03-16,7,1
26.799507204745638,89.66614305965003,2024-05-08,2024-06-28,5,0
8.780886689167493,80.16093443562404,2024-04-25,2024-10-10,6,0
28.00620378509185,91.05928652750971,2024-03-14,2024-08-19,6,0
8.91312069734857,73.47272248031366,2024-08-22,2025-01-23,5,0
36.91710319956651,90.8752842645195,2023-11-24,2024-08-05,4,1
23.767674896509156,96.11553743317945,2024-05-15,2024-10-11,8,1
16.131857219791392,74.91485903034616,2024-06-22,2025-03-08,2,1
36.44111194343425,85.77126025627243,2024-05-24,2024-11-22,2,1
32.53580651268507,80.56342031587292,2024-04-17,2024-06-26,6,1
26.533763648751187,73.23653481334304,2024-03-19,2025-03-15,7,0
11.671384593780392,89.55443025129108,2024-04-10,2024-11-24,9,0
11.019911284588499,76.88242972009067,2023-12-29,2024-02-04,6,1
26.0525597310952,69.64165778246735,2024-02-15,2024-07-26,5,0
28.001135908769207,82.72630754456236,2024-04-13,2024-09-17,1,1
30.875966841875286,80.57472344217351,2023-10-16,2023-12-05,9,1
12.638232177761328,96.28734009352559,2024-06-15,2024-12-04,7,0
27.927568633030578,68.39299219842829,2024-03-04,2024-08-27,8,0
32.25641246940465,94.87645605586208,2024-07-15,2024-12-05,5,0
21.93818529592528,70.05023419061503,2024-08-03,2025-01-22,4,0
19.72500042418728,93.5471582105788,2024-08-31,2024-11-30,5,1
12.110990304052208,95.75745175233052,2024-08-16,2025-03-03,3,0
26.207440063005702,87.78351306761547,2023-09-27,2024-04-24,4,1
24.735829886919586,70.6043243024029,2023-09-23,2024-04-01,8,1
18.2266423588892,91.05892644269419,2024-01-12,2024-03-30,6,1
16.988363240360936,72.6442683921313,2023-12-20,2024-05-19,8,1
25.339171030432777,85.46006037045794,2024-04-12,2024-06-17,6,1
24.569313574979848,90.77304976601339,2023-12-21,2024-02-27,7,0
24.32614855546758,88.79802712054126,2024-05-01,2025-03-05,5,1
9.645230554519966,76.37757491219018,2024-07-03,2024-12-07,2,1
14.805138132093292,89.81517346048935,2024-04-16,2024-12-16,3,1
12.036085481512018,69.04150972473154,2024-01-26,2024-10-01,7,0
27.814665075875503,89.05387892164293,2024-08-13,2025-03-16,7,1
36.67758936690203,74.80766042549438,2024-05-23,2024-11-13,3,1
11.844712556664224,87.99708251200997,2024-08-30,2024-10-28,4,1
33.334894509890034,90.4472312213143,2024-03-03,2024-08-01,5,1
26.307243882048205,74.84840545016826,2024-01-02,2024-09-08,1,1
9.095736329379907,84.09168598709354,2024-01-12,2024-09-12,8,0
24.924841405865614,86.55701234424808,2024-01-24,2024-11-30,6,1
8.6610253384021,74.00600431945662,2024-02-22,2024-05-23,4,0
12.694220707302456,84.74217779064182,2024-08-30,2025-02-17,9,0
14.951328764990471,86.90398745348102,2024-07-05,2025-03-27,5,1
15.967254872030237,73.04604095165995,2024-05-26,2025-01-23,1,1
23.616716528737307,91.40114231985174,2024-02-17,2025-02-01,10,1
8.690432670335163,95.5069027004607,2024-02-17,2024-06-02,10,0
33.328324507601494,89.25670904566859,2024-08-01,2024-09-25,1,1
15.787062343602194,92.35186799041367,2024-07-28,2025-06-15,4,1
23.239738571526782,94.14003954226172,2024-08-25,2025-05-13,1,1
19.80613270638699,91.0513250060727,2024-06-17,2025-06-11,9,1
30.240254727938115,76.60031780570755,2024-08-26,2025-08-18,5,1
33.91995122698469,75.44310551605166,2024-04-14,2025-02-08,6,0
31.012723663292384,76.90337728135184,2024-07-15,2024-08-25,6,1
33.576751850582795,91.04152040549376,2024-07-04,2024-09-02,4,0
17.49239478654191,85.90908141643501,2023-09-16,2024-07-06,3,1
33.36659549381868,70.17158181112408,2024-09-04,2025-08-10,1,0
25.06936597041955,84.71276146055335,2024-02-09,2024-05-28,1,1
18.402908122774555,86.8761093550607,2023-09-08,2023-10-17,2,0
18.737885291516825,78.44013150510376,2023-09-15,2024-01-18,6,0
36.4146296363222,75.51148922478572,2024-05-13,2024-12-29,9,1
13.901767666062984,72.59799827955321,2024-06-11,2024-10-21,6,1
26.12190664188977,86.82841220999431,2024-02-03,2025-01-20,7,1
11.064432629804951,92.33893284778841,2023-09-22,2023-11-29,7,1
25.693215403936417,83.12814979111197,2024-06-15,2025-03-15,1,1
17.87859061313616,93.74673947857258,2024-05-18,2024-07-10,9,0
10.371367997639572,71.72287903973778,2024-06-29,2025-05-11,3,1
34.06910944422424,68.8171497184035,2024-03-22,2024-11-06,1,1
26.613927544927396,79.5312460884532,2023-11-04,2024-01-05,4,1
34.47862661620759,90.77816893493888,2024-01-26,2024-10-17,9,1
16.171693134810646,91.06889534816517,2023-12-21,2024-10-26,8,0
33.94700349570442,93.36092950228687,2024-06-04,2024-11-07,2,1
27.40872810855915,84.13945243507911,2023-12-31,2024-09-12,1,1
9.463947830630786,72.40727287150541,2024-03-01,2025-01-07,7,1
34.82946983387565,87.06547533534867,2024-01-09,2024-09-15,7,1
10.925434662237922,68.57094720271469,2024-08-19,2025-06-25,3,0
33.473047962716954,69.3623805803737,2024-03-22,2024-08-20,8,0
29.40234289879295,83.68412838688887,2024-07-11,2025-05-22,10,1
25.190460475652475,71.33572996787096,2023-12-18,2024-02-07,1,1
23.298419719635532,73.16378474396085,2024-04-04,2025-01-11,7,0
35.24721336569861,94.8482363543348,2023-12-18,2024-06-17,10,0
18.040331881243702,82.87614785299485,2023-11-20,2024-06-18,7,1
30.900342727164304,77.89854809158031,2024-07-14,2025-04-09,5,1
10.017830520782159,81.94147702370884,2024-03-20,2024-07-19,10,0
16.793132116702267,84.21201700500971,2024-06-07,2025-02-17,9,0
23.57182486020246,75.94711289592807,2023-11-04,2024-08-02,4,1
31.780815532158076,73.94662108279525,2024-01-14,2024-02-26,2,0
10.021145127882766,85.2169184246644,2023-12-26,2024-09-29,9,0
31.571228250259836,79.77228260688544,2023-12-01,2024-03-31,6,1
8.207619439715632,84.94482024283842,2023-10-05,2024-06-04,2,0
21.652586027826025,69.29433109225407,2024-07-11,2025-05-03,8,0
29.730894618602765,75.6313831931199,2024-08-19,2024-10-12,1,1
13.020612255552873,92.70707961564032,2023-12-18,2024-05-06,1,1
13.399541614571605,89.49638977401533,2024-01-27,2024-08-25,8,0
8.59442977429363,95.3264301279604,2024-06-25,2025-02-06,6,0
10.71984536873872,81.02104039807571,2024-07-23,2025-05-29,10,0
12.33258440695251,80.67085821250234,2024-01-02,2024-08-22,10,1
24.7357076091766,85.8822628801437,2023-10-16,2024-07-17,10,0
35.76321004112611,80.50520699180639,2023-09-26,2024-07-22,7,1
12.884475393862136,91.38031485639806,2024-08-02,2025-07-13,6,1
15.21626360183075,70.44095664709681,2023-10-21,2024-06-01,10,0
36.244649849077604,79.70553558040876,2024-06-23,2025-04-21,8,0
32.09558008405833,79.58210687363477,2024-08-03,2025-01-26,9,1
26.204156992672115,79.52283081493727,2024-02-20,2024-12-28,6,1
13.70716552973272,84.37462030279782,2024-02-22,2024-11-19,2,1
23.923117460393712,71.05964575665355,2023-09-26,2024-08-14,4,1
30.646899591671907,85.73108997490161,2023-09-11,2024-01-25,9,1
35.00613140137055,71.50289929415236,2023-12-27,2024-11-22,8,1
17.192467779655956,78.37567038229145,2024-05-20,2024-11-27,4,1
26.544014973563392,73.11340731542751,2023-10-27,2024-09-28,4,0
36.37810285351951,70.91841817091532,2024-06-23,2025-03-25,9,1
36.76694022809477,79.05719452935217,2024-02-14,2024-05-15,7,0
21.056634433297614,79.40142104013728,2024-05-09,2024-09-03,8,0
32.03460488678881,84.05842458722363,2024-05-20,2024-12-02,9,0
9.043810841924024,70.62305569177498,2023-09-12,2023-10-28,2,1
20.702384236791495,89.12415798286231,2024-07-15,2025-04-21,2,1
14.440328151121633,87.15235159543087,2024-02-08,2024-04-03,6,0
36.229654778681834,86.6214689722685,2023-12-04,2024-05-11,4,1
15.287973458440337,96.26278974320849,2024-08-21,2025-01-21,10,0
9.336584161408972,89.4739587418767,2023-09-27,2024-07-01,9,1
14.455611241558714,83.85248713640392,2024-02-13,2024-11-17,3,1
23.401801659655195,83.46064339312458,2024-01-26,2024-09-17,4,0
34.39404939454735,87.33258281025704,2024-04-21,2025-02-06,9,1
12.184790210481705,88.840577190787,2024-03-08,2024-07-11,3,1
24.8943814358491,94.5531665571758,2024-07-19,2025-01-24,4,0
34.10926351457076,94.1117529941711,2024-04-24,2024-07-31,4,1
35.54549907992849,92.69981310152865,2024-07-30,2025-03-20,3,0
17.529783455211245,89.8228157646829,2024-07-01,2024-08-27,5,1
13.982877437710659,76.6476755371222,2024-01-31,2025-01-02,6,0
10.583125038201583,80.41352216551195,2024-01-15,2024-06-16,6,1
11.408859276811734,83.0797451191203,2024-02-09,2025-01-01,1,1
8.593231122742754,95.85245633651466,2024-03-31,2024-12-28,4,0
16.747097189507272,93.49607454590416,2024-08-04,2025-02-07,7,1
23.210852229016513,96.79202609505829,2024-08-27,2025-02-24,7,0
16.124774924166793,76.09531911144339,2024-01-26,2024-05-16,7,1
34.23177760837028,95.71172003829807,2024-02-12,2024-09-27,2,1
19.808748722599802,88.22282137121385,2024-08-31,2025-06-18,8,0
23.574159030750078,95.76543918150558,2023-11-18,2024-07-01,8,1
27.332444850899453,91.77744212981011,2023-12-06,2024-10-27,7,0
15.367174217602791,73.83726045397395,2024-04-25,2025-03-26,7,1
12.512110618964964,93.32984499489253,2024-01-23,2025-01-08,9,0
28.131288496469644,78.16138343020839,2024-02-13,2024-06-04,6,0
26.402461375110875,81.20331733986754,2024-04-27,2024-10-08,2,1
13.19549298454984,71.94017726512091,2024-09-04,2024-10-26,5,1
31.56153004761772,96.81006526171468,2024-02-19,2024-08-30,8,1
16.235080569485596,71.79074385110636,2024-08-23,2025-03-26,9,1
31.488573761139403,89.69499557160091,2024-06-09,2025-03-03,7,0
32.57383818792505,77.90461585266009,2024-01-28,2024-09-18,7,0
22.65395049982102,83.75437356635948,2024-02-23,2024-12-28,1,0
19.279337120818802,68.44176723116216,2024-05-29,2025-03-07,4,0
29.66605348569139,94.94942622273493,2024-04-29,2025-02-13,4,0
35.53029291877171,74.95910788171776,2024-06-20,2024-10-03,1,1
12.84530004678726,86.58233710728973,2023-11-28,2024-08-05,5,1
12.982343916513635,81.20336549364858,2024-08-17,2024-10-20,7,0
23.137720680451885,82.54689522777996,2024-05-15,2024-08-24,6,1
15.687993417516058,91.67100294698845,2023-10-17,2024-05-11,2,1
28.53052542294187,85.4752079286439,2023-12-12,2024-01-30,5,0
13.551407742661105,90.77257765810192,2024-04-24,2024-06-01,8,1
30.946063057103313,76.09010705042253,2024-03-04,2024-07-19,2,1
18.231971402735844,96.03920733547216,2024-01-27,2024-04-25,8,1
36.805385998130944,80.08102073565365,2024-05-22,2025-05-22,9,0
26.63247595998524,86.31489478164998,2024-03-14,2024-11-30,9,0
25.531057112159104,89.94133735375321,2023-09-06,2023-11-12,10,0
19.16571520189327,80.0752121006499,2024-05-06,2024-11-22,5,1
17.090724690974326,83.8927172125626,2023-12-31,2024-06-17,9,0
26.99233962547626,76.49344452886852,2024-04-13,2024-11-08,1,1
19.152832125686736,71.27813551989985,2024-04-23,2025-04-22,6,1
29.44266452734179,92.86879405651075,2024-05-15,2025-01-07,7,0
31.29536556247626,84.68655839295064,2024-06-01,2025-04-26,1,1
22.172301612018085,84.53859570010347,2023-11-20,2024-01-25,10,1
24.407380575617964,95.31787104135637,2024-01-20,2024-04-21,7,0
14.45377481549445,85.11923976678307,2024-02-12,2024-08-07,7,1
36.07945253417869,69.01810123957246,2024-01-25,2024-07-23,7,1
22.46505255010564,73.85792914663207,2024-05-20,2024-12-07,3,0
29.667769686315438,85.39892269221134,2023-10-30,2024-05-07,7,0
32.987234822608286,91.3646926593568,2024-01-02,2024-05-19,7,0
11.885799525898932,69.9136549635584,2024-03-01,2025-02-15,9,1
30.619046691125842,80.75125433785219,2024-04-18,2024-08-09,2,1
35.57910236662872,95.58676693108205,2024-06-21,2024-11-11,8,1
18.819379405014832,89.4538930847658,2024-03-08,2024-12-09,3,0
31.347974956437177,88.1697034633352,2024-05-05,2024-06-12,1,0
28.74498901639715,88.37957871623863,2024-03-31,2024-07-04,10,0
16.93352123830097,88.84618762699571,2024-08-15,2025-06-08,6,1
10.16452181775924,78.965158519222,2024-06-26,2025-05-15,3,1
16.79230465199565,73.0287650752444,2023-10-22,2024-10-02,9,1
25.536277390441064,72.57947278674419,2023-10-24,2024-01-02,8,0
31.68232185539888,81.4096994295245,2024-07-03,2024-10-17,3,1
23.200763743107416,72.69710531121754,2024-03-11,2024-04-16,7,1
10.426431146829778,68.25835123608879,2023-10-14,2024-09-27,10,1
24.273518504156872,94.4104864613532,2024-07-07,2024-12-07,10,0
8.273772592553447,73.30479755849684,2023-09-25,2023-12-06,4,1
22.487517053616784,69.97718338011015,2024-05-17,2024-06-23,8,0
35.64616094721006,68.26727347945676,2024-06-18,2025-02-09,10,1
16.075205655629603,74.08632509736687,2024-05-27,2025-05-25,7,1
24.50651025404865,75.24246641543259,2024-05-15,2024-07-02,7,1
16.621046606355748,91.97998200152166,2024-06-29,2024-08-23,1,1
21.9576590342446,75.53125960166112,2024-04-16,2024-09-01,6,0
20.671833609615295,81.74157150820889,2024-07-21,2025-07-12,5,0
28.337150761120917,87.21986720875175,2023-10-28,2024-04-05,6,1
31.56572341452777,77.0937458487832,2024-06-15,2024-08-25,6,0
10.786197508729604,91.81873523603575,2023-09-13,2024-04-22,7,1
30.905205042414824,84.43008807125807,2024-03-24,2025-02-19,4,0
15.792215983331841,88.952069334922,2024-08-15,2025-05-03,2,1
12.698847145918617,91.99992386813422,2024-03-15,2025-01-18,5,0
29.2765642193895,93.96098055698062,2024-07-28,2024-10-13,7,1
18.136287021443117,88.24375130523305,2024-05-15,2024-07-12,1,1
16.201019001783592,74.87595406868387,2023-12-27,2024-07-02,5,1
14.2763887696405,94.98699483776971,2024-09-05,2025-09-02,5,1
33.63817300275852,93.44267456804491,2024-05-23,2024-07-31,1,1
33.14262513604655,95.17787879333007,2023-12-05,2024-04-22,9,0
25.975844399928295,94.39973222772329,2024-06-19,2024-10-26,8,1
22.68793668974879,71.35467627496936,2023-10-24,2024-07-12,6,1
26.889331680366297,93.22842795395063,2024-07-02,2025-04-06,10,0
11.744749803078301,77.48776195191749,2024-01-13,2024-07-29,9,0
36.63051016838628,74.68255023370047,2024-05-17,2025-01-06,5,0
33.727438530392575,73.55092221855895,2023-10-11,2023-12-22,9,1
18.250180098769004,86.85288961337557,2024-08-07,2025-08-07,1,1
11.25080703834216,94.73782414129806,2024-07-24,2024-12-08,6,0
17.47764876542948,79.91743210397007,2024-08-24,2025-06-21,7,1
16.403475512936957,91.22251545322523,2024-03-09,2024-07-17,5,1
11.93634551959677,80.11615334008904,2024-06-09,2025-02-04,5,0
32.888182422171795,94.50399844107905,2024-05-15,2024-09-08,7,1
24.058893192542858,90.71325595942776,2023-11-04,2024-09-26,8,1
16.115334684317453,71.81484934901957,2024-01-23,2024-05-01,5,1
19.475783012949023,83.35744967037547,2024-08-24,2025-08-19,3,1
22.120598172718267,68.41877092330608,2024-08-06,2024-11-13,4,1
14.577421815368572,71.57445790222695,2023-10-18,2024-08-06,2,1
28.57934178436164,94.89478256081958,2023-10-13,2024-07-12,8,1
19.943605860957643,72.60595950836459,2023-09-25,2024-06-08,10,1
32.42955212587032,84.8569552587204,2024-02-17,2025-01-08,10,1
17.16017716423554,87.83987547955905,2024-03-17,2025-03-12,2,1
17.73113880398615,72.39851309025163,2024-07-20,2024-09-11,7,0
8.717799135702592,73.71142771795442,2024-09-01,2025-01-20,10,1
20.75702668911441,73.4234119981281,2024-03-04,2024-08-10,3,1
32.14960710559774,74.73837484441414,2023-10-18,2024-07-21,10,1
32.59629040244983,82.92605524409282,2024-07-23,2025-02-06,5,1
27.88538623855215,77.1272480683109,2023-09-30,2024-06-19,6,1
12.115920482355442,79.06899355062266,2023-10-13,2024-03-27,2,0
12.000468978009838,76.01445710139268,2024-07-28,2024-10-17,5,1
16.835337233178684,87.62638447442508,2024-08-04,2025-02-12,1,1
8.657674541830255,86.76409467057465,2024-01-21,2024-09-13,2,1
27.688173883252766,81.84511673728517,2023-10-02,2024-05-06,2,1
13.296498292425284,91.34750609601379,2024-01-27,2024-07-15,5,0
36.413414673899055,93.54175910146253,2024-07-19,2025-02-19,6,1
22.352744389891996,78.5074795158121,2024-06-06,2025-02-04,4,1
14.344632665305124,82.76797068898723,2023-11-16,2024-09-22,2,0
16.31408854723147,88.96230966067414,2024-05-01,2024-11-20,9,1
36.77496909618688,71.70290560829112,2023-11-08,2024-02-10,8,0
9.308517411747705,95.14027670791573,2024-06-23,2024-07-24,2,1
21.930366171358365,89.02181488888576,2023-10-19,2024-09-18,6,1
36.29999318268045,93.41816208797108,2024-01-26,2024-04-12,8,0
13.578333157737463,92.01258116212485,2024-04-24,2024-10-28,1,1
21.085526938636313,72.04798792046134,2023-10-21,2024-04-21,2,0
32.38590240409178,89.468050922399,2024-09-02,2025-01-16,6,1
27.550910103420325,70.2270013206392,2024-01-08,2024-10-26,2,1
24.441886872038076,92.60625491889313,2024-04-03,2024-12-04,1,1
33.43795209012648,88.94092689283954,2024-03-15,2024-12-02,4,0
16.755688105439773,87.58151023338124,2023-11-21,2024-06-28,9,1
18.04103111307778,77.75975802117023,2024-01-21,2024-10-28,8,1
36.427764391964416,82.46185831647513,2024-03-21,2024-06-05,6,0
19.20816629645677,86.8609003176912,2024-08-02,2025-04-27,1,0
22.758965187287814,96.85095556698548,2024-03-02,2025-02-12,2,1
8.481136007785697,74.70341498532886,2024-07-03,2025-04-04,2,1
8.812269273010632,89.53362633886569,2024-06-16,2025-01-10,9,1
11.160173247244558,76.52162246998816,2024-06-01,2024-12-19,3,1
8.590898264280318,75.13887591219941,2023-11-26,2024-04-12,6,1
13.542607008822714,73.61862981421204,2024-08-19,2025-08-06,5,0
31.283828833208148,78.3723066301644,2024-04-29,2024-10-30,7,0
12.858779989885797,82.64727388042957,2023-10-03,2024-09-04,3,1
24.708107400438166,87.15524114530997,2024-05-29,2024-11-30,8,0
26.044328386020283,84.42389774721991,2024-01-08,2024-09-19,3,0
25.81309398697889,70.5214958314942,2024-08-07,2025-05-24,7,1
10.989953155880336,87.90328285611453,2024-05-07,2024-08-23,8,1
8.920942113628909,73.72396133357358,2024-07-02,2024-08-05,1,1
23.38499279481961,90.34910404360362,2024-09-01,2025-01-27,5,1
17.88067823770703,82.87947865045761,2024-05-26,2024-06-30,8,0
27.4962853014039,90.66884922294366,2024-06-06,2025-04-01,8,0
17.561142786901986,86.33815312542566,2023-12-11,2024-09-02,7,0
15.779943573744868,68.29686092979153,2024-05-18,2025-02-15,7,1
12.591504062299084,90.50371997763564,2023-10-31,2024-03-16,6,1
32.262914218215144,77.23847185584219,2023-09-28,2024-03-11,6,0
17.010764222381386,92.99416736968011,2023-09-29,2024-03-16,4,0
29.433782796406113,94.45160283871647,2024-04-16,2024-11-30,1,1
18.93725535639723,80.4551723534691,2024-07-07,2025-01-06,4,1
21.98602473211881,71.29670574326545,2024-06-12,2024-11-26,1,1
19.651144867862776,76.24026559043952,2024-04-20,2024-06-21,8,0
16.41718071960522,84.42156923175534,2024-07-23,2024-09-27,4,0
21.915110770688408,79.46758915315398,2023-11-02,2024-04-16,4,0
12.898078349986893,92.95394050371843,2024-02-29,2025-02-09,7,1
12.467409018247778,82.41853894749015,2023-09-29,2024-07-08,5,0
16.651991511859578,85.92329387951831,2024-06-12,2024-12-11,1,1
20.063013159155005,88.8179394252166,2024-05-10,2025-03-26,4,0
10.498460268249037,83.70921692990109,2024-05-28,2024-12-21,10,0
15.702280750482954,74.43083286453736,2024-06-21,2024-08-16,4,0
21.79432990003128,83.6183151516769,2024-01-13,2024-11-18,6,0
28.382709293472278,83.59804052655709,2024-04-03,2024-10-05,7,1
30.790995493897007,87.9580756644585,2023-09-11,2024-07-07,10,1
13.301292427593427,75.54362570971696,2024-06-07,2025-04-20,9,0
20.77092719993782,83.87796754832173,2024-06-15,2024-10-26,8,1
35.68672097186467,72.01208027209589,2024-03-25,2024-06-10,5,0
23.43321872310345,77.15525881016525,2023-09-17,2024-06-14,10,0
35.88139698499345,76.57939687981869,2024-01-15,2024-06-18,5,1
8.110387251785015,94.6169107059998,2024-04-23,2025-01-21,2,1
36.285922492502756,78.23477633199194,2023-11-05,2024-01-17,10,1
29.078548833686558,91.51371699291246,2024-06-05,2024-11-04,3,0
13.713993823191124,81.38339784477971,2024-05-24,2025-04-17,3,1
17.96616458510282,89.84465388207323,2024-07-10,2024-12-20,9,1
14.736904768871984,73.71749094251481,2024-07-22,2025-05-23,8,1
31.480408842757544,71.2229907487789,2023-11-18,2024-09-18,1,1
34.4395839581872,90.43100647481299,2023-09-29,2024-06-10,2,1
35.454113902547746,69.27437155178232,2024-04-09,2025-01-23,7,0
27.517395106962244,92.01494034869273,2024-03-23,2024-08-24,9,0
12.48751935228047,92.53352464052786,2024-08-15,2025-04-06,4,1
33.98103565742143,76.69013674266985,2024-06-10,2024-11-02,8,0
8.852790498579694,68.86660949161698,2023-11-01,2023-12-30,3,0
26.409556459641664,87.96568299399401,2023-09-20,2024-05-09,2,1
29.5419560681891,69.41172535531581,2023-12-31,2024-05-21,9,1
17.752272559468544,72.98020364939846,2024-07-08,2025-05-23,7,0
29.210830063321072,86.41643893271853,2024-03-17,2025-02-16,8,1
11.14880765738252,84.50459599300764,2023-09-19,2023-12-20,9,1
32.45663512071118,83.04457984754274,2024-01-02,2024-03-02,4,1
9.020287816137245,78.00902854550714,2023-09-12,2024-04-29,10,1
9.625950037709169,96.85566024906807,2023-10-17,2024-04-24,7,1
31.7331717299135,88.21831389775198,2023-10-01,2024-07-11,6,0
23.903984975665498,94.83418715025553,2024-03-07,2024-10-16,1,1
30.072532621953542,95.98774080520971,2023-09-28,2024-06-20,4,1
23.763507597914305,71.4025372844838,2023-12-11,2024-02-10,1,0
25.320251920453646,84.17088149718197,2023-10-25,2024-02-18,3,1
18.491062488723365,76.56394523063757,2024-07-02,2025-05-20,5,0
8.522584534749987,77.81580938071073,2024-02-15,2024-07-15,8,1
26.159394092138054,78.11757291104698,2023-10-16,2024-06-27,3,1
31.35789974539407,86.53990822851875,2024-01-01,2024-05-15,10,0
15.093544332073423,89.78944247562049,2024-04-06,2024-06-19,7,1
9.61171251259935,76.05763293247723,2023-10-20,2024-08-03,8,1
9.668150947039521,95.39653341661673,2024-05-23,2024-09-13,1,1
33.19425753719875,71.43271535412472,2024-05-08,2024-11-26,8,0
32.56394624496555,68.82720318572215,2023-11-25,2024-09-18,10,1
18.141868493700073,91.67077581668099,2024-07-22,2025-01-28,2,1
15.754913782514738,73.30928931810799,2023-09-23,2024-07-17,5,1
32.817570664998385,95.40548237706699,2024-05-17,2024-12-28,5,0
31.946498510572976,87.82433223597172,2024-02-20,2024-08-29,10,1
21.234266147666588,86.13754167408061,2024-06-17,2024-09-07,6,1
31.70429813166166,82.66676783824337,2023-09-29,2024-08-15,9,0
28.59744508092458,81.24817122317154,2023-10-30,2024-04-01,7,1
21.303641126047694,92.71467163627176,2024-07-06,2024-12-19,3,0
15.808907951559533,90.12704756131538,2024-02-20,2024-08-25,10,1
35.056170795632866,81.1604570846517,2023-10-03,2023-11-26,5,1
33.72295600105325,81.77279912214549,2024-04-24,2024-10-31,10,0
13.75769475532577,89.00733545695283,2023-10-23,2023-12-29,3,1
30.37243027024547,80.4764217941716,2024-07-29,2024-09-20,6,0
12.222560469096798,92.92156062365527,2024-03-26,2024-06-25,6,1
23.375996091899363,70.53580246279834,2024-07-11,2025-01-27,7,1
8.53082545502079,78.12025898301233,2024-05-02,2024-11-03,1,1
30.045926879796994,92.87602279403498,2024-03-18,2025-01-24,2,1
35.439871712024285,90.35249587872103,2024-07-21,2025-07-10,7,0
12.038862591218605,91.806977981545,2024-07-02,2025-05-16,7,1
36.681808676599616,79.28410574914498,2024-04-13,2025-03-13,5,1
17.17381420886863,84.67566628433374,2024-03-29,2024-08-29,5,0
20.275765715902594,96.99926859638155,2024-04-25,2024-07-04,1,0
9.266038869044168,73.07352688699301,2023-11-03,2024-07-06,5,1
19.131346102612923,85.92669173201811,2023-12-18,2024-12-11,6,0
36.368231759090996,96.91439445089877,2024-03-10,2025-02-18,7,1
15.001698061840484,80.48930316572896,2023-09-13,2024-06-15,7,1
20.702946190586715,70.33362500924287,2023-11-08,2024-03-24,4,0
12.198529866130016,93.19594238531195,2024-02-20,2024-04-30,8,1
34.52126291300604,83.51462332450869,2024-04-24,2024-11-17,8,0
35.85264173962322,70.07835023519257,2024-03-03,2024-06-16,6,1
17.633874143463437,90.79896478205649,2024-05-06,2025-04-23,4,1
9.186648331872282,80.01460984002,2024-06-20,2025-06-07,7,1
23.171296351443374,90.9747559073894,2024-06-30,2024-08-04,6,1
13.00927764073231,84.18350657407514,2024-08-10,2024-09-13,8,0
36.26068508826445,75.0481659368488,2024-01-04,2024-09-24,3,0
13.142360784952624,92.91563269530602,2024-02-08,2024-11-29,9,1
33.452397793924405,78.76589775807521,2024-03-14,2024-06-13,1,1
25.330548544256217,74.34295574372152,2023-10-21,2024-05-31,1,1
11.05870986647538,83.65895956041877,2024-04-19,2025-02-26,7,1
11.8264568160438,79.67937326261331,2024-04-14,2024-06-19,3,1
22.394527434730627,73.70051866586182,2024-06-24,2025-02-02,9,1
15.056549459836472,72.42814661891369,2023-12-02,2024-01-15,7,1
18.17191690781967,82.80450544486406,2024-08-07,2025-07-15,5,0
30.337980162099257,81.301215329134,2024-02-17,2024-04-08,9,0
31.92075971131981,96.3579455293517,2024-08-29,2025-01-04,10,1
26.356972285486233,74.3493450729014,2024-06-05,2025-05-30,9,0
14.142732659233502,82.99401524726434,2024-08-31,2025-06-13,3,1
22.333217957054654,71.84195065685589,2024-07-25,2025-04-15,9,1
14.345486539710459,81.68091643406363,2024-06-30,2025-02-16,2,1
10.724160850893902,72.77361664642397,2023-09-09,2023-11-29,2,0
12.567456532882606,75.63792558193757,2024-04-07,2024-10-31,9,1
13.12795850323137,87.45959527886512,2024-08-03,2024-09-29,5,1
14.866299860847619,74.63397252411697,2023-12-19,2024-04-27,10,0
34.92535016513442,86.71757981706656,2024-01-22,2024-04-02,10,0
32.05008111705884,91.29623313070081,2023-10-08,2024-07-31,2,1
20.8717300661988,72.97588400373904,2023-11-01,2024-10-03,8,1
34.057664461624235,78.82307251836747,2023-11-15,2024-04-12,2,1
19.926411866888124,89.13120565722217,2024-04-08,2025-03-31,6,1
14.508513719771907,91.07244876774533,2023-11-18,2024-11-11,3,1
32.494840732129,95.43856951694846,2023-09-10,2024-07-01,1,1
26.347989191154152,85.87802142817594,2023-12-11,2024-07-31,5,1
36.058550114229774,94.84175376600611,2024-06-27,2025-03-20,7,0
10.532346222264522,96.04376430014389,2024-07-13,2025-04-16,10,1
35.28218346424083,88.6868372012468,2024-07-31,2024-09-12,9,0
8.718350995247398,93.95086276892718,2024-09-03,2025-04-20,2,1
14.534148316208276,73.88231651175512,2024-03-01,2024-10-25,5,1
36.579703223566526,79.29679678481111,2024-02-19,2024-09-19,1,0
32.037206723354515,82.02933915643455,2024-06-21,2024-08-20,3,1
31.355740686390327,90.1410365530952,2024-02-09,2024-08-22,2,1
27.60155617709623,74.41239197234096,2024-08-29,2025-02-16,3,1
28.81211455190834,77.00660628824659,2024-03-20,2025-02-19,10,1
32.50809686386387,81.48636383557032,2023-11-28,2024-04-29,10,1
26.946141939266997,68.47548460898801,2024-01-10,2024-07-21,3,1
31.586956963905262,91.10350752476808,2024-06-12,2025-04-10,6,0
19.78630173482015,79.02814978464646,2024-08-03,2025-07-22,3,0
26.45253747080664,73.42035400178948,2024-04-22,2024-12-15,4,0
24.981901008581698,88.65585907255586,2023-11-06,2024-07-18,7,1
31.240057959564748,88.21803322033291,2023-12-08,2024-01-13,7,1
30.95351953278468,74.52401610841575,2024-08-10,2025-06-20,10,0
26.135716331697726,75.62490722005478,2024-01-07,2024-11-30,7,0
32.682620074232446,91.46292599279555,2023-11-01,2023-12-26,2,1
25.951851875394897,91.6409329244822,2023-11-03,2024-06-29,9,1
20.874431384502692,92.44057355240307,2024-06-13,2025-02-11,7,0
9.286301483700592,80.33774686228377,2024-06-28,2024-09-27,5,1
16.16975787087422,89.18765696033476,2024-08-25,2024-11-20,5,1
16.494486370553435,86.4739874425507,2023-09-17,2024-05-11,9,1
10.31265302244011,79.1310841255587,2024-08-19,2025-03-23,7,1
30.335441481839027,93.39420302760536,2024-08-19,2025-03-08,7,0
33.31250409833836,74.47765218550289,2024-08-31,2025-07-09,4,1
14.831487909539648,68.52883211219262,2024-04-10,2024-06-20,6,0
11.826865963804973,96.29508312290574,2024-08-20,2025-03-02,6,1
12.334317063310959,77.39673015283151,2024-06-13,2024-08-19,7,1
25.44586302008935,76.79688844720384,2024-05-01,2024-09-06,9,1
20.8089286216793,82.96132434987516,2024-08-30,2025-03-19,6,0
21.222241666108275,76.5048616870545,2024-05-15,2024-07-20,3,1
24.07182222871996,82.91788017705122,2024-03-16,2024-05-04,7,1
30.52793405386443,82.00159916068425,2024-07-25,2025-02-05,7,1
19.841765868471533,75.30125905774459,2024-08-30,2024-11-03,3,1
36.37219031630648,84.48229464206773,2024-07-10,2024-08-20,5,1
31.09388381681894,83.00714970754012,2024-04-29,2025-03-05,4,0
13.077119067113543,73.48166094602294,2024-01-10,2024-05-20,9,1
35.222082875906665,69.72092691301712,2023-12-30,2024-06-22,6,0
19.490198720437952,88.93525570884366,2024-02-23,2024-10-03,10,1
36.51241060395304,76.61503412325453,2024-06-09,2025-04-08,4,1
28.68997225723173,86.28369564428195,2024-07-16,2024-09-01,5,1
11.935293159359926,74.07383365810456,2024-05-12,2024-12-28,3,1
36.991736863284686,84.89577475449488,2024-03-27,2024-07-26,7,1
29.132207168623246,94.0205293908538,2024-04-10,2025-03-09,6,1
13.397886397765012,88.4498720474119,2024-01-03,2024-02-02,6,0
13.580382933058377,83.00812606399055,2023-12-02,2024-05-15,2,1
11.146152151642834,87.6940404718624,2024-04-08,2024-06-12,9,0
26.849224764423575,78.93121192691481,2024-08-30,2025-08-20,2,1
31.33368384838192,89.14533817460497,2023-09-23,2024-08-08,4,1
13.699462698441328,82.68581107453903,2024-01-17,2024-03-29,7,0
35.48625164660247,69.69201180336738,2024-06-05,2024-08-14,4,1
18.22604769286828,84.52288742249624,2023-09-24,2024-04-21,8,1
22.828299643472977,96.2142528294497,2023-11-29,2024-02-06,2,1
35.77842348927746,82.69464728637864,2024-08-10,2025-06-01,8,0
15.69570135707874,80.83384870924331,2024-05-31,2024-10-04,2,0
23.237116714566746,85.44328558397596,2023-10-18,2024-07-17,6,1
11.971170864860118,75.99542167723244,2024-05-02,2024-09-08,4,0
13.883553973564105,78.11616024111287,2023-10-06,2024-02-19,8,1
36.3099323601287,89.97566800044383,2023-10-09,2024-07-31,1,1
14.656108823405198,92.91469373646923,2024-08-19,2025-01-01,1,0
36.75401251380745,86.20040947851508,2024-08-09,2025-03-09,2,1
35.24314318906649,79.2305918808755,2024-03-26,2024-07-27,5,0
18.69626712035074,92.18219113074468,2023-09-27,2024-04-19,2,1
31.45292911586348,72.77395371437177,2024-06-18,2024-12-24,1,1
19.292456303381236,88.76622161083347,2024-04-17,2025-02-22,5,1
19.789296204213777,77.02179360518173,2024-02-07,2024-06-18,1,0
26.212545868183206,73.20096753304031,2024-06-18,2025-02-24,1,1
24.235891088114357,70.91855097397303,2024-08-01,2025-06-24,10,1
30.790049233718168,70.8796049982179,2024-08-03,2025-01-04,7,1
23.865391911329347,93.12047203911382,2023-09-18,2024-02-29,10,1
9.598987729399997,75.39480808281712,2024-06-07,2024-08-18,3,1
33.172381832540864,91.41114158159739,2024-05-17,2024-12-01,2,1
27.51352224002315,93.97421175227925,2024-05-12,2025-01-11,6,0
25.654912433677513,69.72074262773553,2023-12-31,2024-06-05,9,1
32.768270601449046,83.41315207550487,2023-09-17,2024-01-26,5,1
26.31404018502264,71.79911467599172,2024-06-17,2025-03-01,7,1
22.481621995262394,75.9344012476891,2024-02-10,2024-07-23,3,1
13.385868150863114,82.15554790735109,2024-06-16,2024-10-02,1,0
19.955145494591267,77.02459159813239,2024-06-08,2025-04-29,2,1
33.15733587934673,71.58104132923545,2024-05-19,2024-10-31,2,1
14.5969352819784,84.94738193720754,2024-05-31,2024-09-19,1,1
9.240098879264497,72.4056828572093,2023-10-21,2024-01-25,3,1
19.633231692736395,73.06686851897366,2024-02-15,2024-11-21,3,1
25.084320517679014,90.1689847269598,2023-11-13,2023-12-16,4,1
25.752566699390442,79.03262176990518,2024-04-11,2024-12-08,4,1
14.731516175661486,85.4589827392221,2024-01-12,2024-09-10,10,1
24.46209665422181,75.37334122415434,2024-02-05,2024-11-13,6,0
18.331442730298104,95.31251620481262,2024-04-24,2024-08-12,10,0
17.41989225747434,83.55124089564049,2024-05-26,2024-10-20,6,0
16.538500445300734,94.58583016033258,2023-11-08,2024-05-01,10,1
25.95070288667855,83.51940415491936,2024-05-07,2025-01-12,3,0
10.120371577252087,89.2220792616234,2024-08-22,2025-02-16,3,1
21.993248833584232,91.33980339160605,2023-10-27,2024-06-28,3,1
28.177975165417397,80.90290310907999,2023-12-10,2024-10-18,8,0
19.563247715479612,77.41405498130334,2023-12-29,2024-12-19,9,1
32.56079435085631,76.54798315852202,2023-11-06,2024-09-09,2,0
17.72763098699552,83.22016001791307,2024-01-27,2024-05-31,5,1
18.137333133021045,78.62094133293618,2024-07-08,2024-09-18,6,1
34.38683743375408,91.10671408278132,2024-05-18,2024-09-30,2,1
9.191588057781678,89.66235643787991,2024-06-16,2024-08-16,8,0
16.919269567640328,87.57483487514433,2024-01-31,2025-01-20,4,0
32.41502270317701,73.29404153726604,2024-04-19,2024-08-06,5,1
29.959531893881458,81.42974390615667,2024-03-31,2024-12-01,6,1
36.56260522401766,69.28106035887254,2024-01-02,2024-05-05,10,1
8.687987541413337,81.24584869035183,2024-05-23,2025-04-03,2,1
10.846479510019972,76.79421043769409,2023-10-15,2024-05-06,10,1
8.74306741160572,96.39270941154686,2023-11-10,2024-02-04,5,0
27.76470363858906,90.26445421006602,2024-07-29,2025-04-11,4,1
8.423704997785455,82.48888976051481,2024-07-20,2024-10-26,3,0
17.45352828340655,68.86313579809034,2023-10-17,2024-02-01,7,0
17.158479275747887,91.19165324940306,2023-09-09,2024-02-02,10,1
26.013198204332483,70.38777443687299,2024-08-08,2025-03-02,7,0
12.429538429396118,88.44132248240473,2024-03-24,2024-06-17,8,1
27.691190950779518,79.01831123153639,2024-01-31,2024-10-11,1,1
28.182644873232004,89.06356827595036,2024-07-27,2025-04-07,5,1
30.587175001997082,70.48361682815867,2024-07-21,2025-02-21,3,1
17.043088493084895,73.3373452861753,2023-10-30,2024-07-05,10,1
21.767225216850406,91.69350828795268,2023-09-26,2023-11-12,4,0
35.736755438275964,84.88349028352587,2024-04-29,2025-04-26,5,0
21.351836717750274,68.52066971579076,2023-09-28,2023-11-14,6,0
15.633551323142605,68.86221043666127,2023-12-11,2024-03-21,8,1
26.024988322863635,73.40258517928912,2023-12-01,2024-11-27,2,1
20.04444100472456,82.20628383697444,2023-09-23,2024-01-26,1,1
20.47771379664041,92.72428326504439,2024-07-25,2024-12-23,3,0
32.28123663909706,68.90060327948396,2024-08-18,2025-08-18,6,1
20.659389089428686,68.54568428405797,2024-05-31,2025-01-21,5,1
32.94475863876903,93.82366966790948,2024-02-16,2024-06-01,4,0
17.932099222863613,90.09898842694406,2024-08-10,2025-05-23,7,0
8.452527592830673,81.92298298332196,2024-04-04,2024-06-21,1,1
30.511314981753955,69.04742877464331,2023-10-26,2024-01-26,4,0
31.166007453691417,89.2440340748312,2024-03-08,2025-02-13,9,0
30.315739162221252,92.95383882165473,2024-01-25,2024-06-04,7,1
35.61819375388694,77.10753559697945,2023-12-07,2024-06-08,3,0
17.491348547738248,79.13487577031964,2023-11-21,2024-10-18,3,1
19.717817885783823,91.57731787172256,2024-03-23,2024-11-07,1,0
14.87394264197281,73.6065699299165,2024-07-09,2025-04-29,6,1
16.590216906455083,95.28993697190815,2023-10-28,2024-02-29,6,0
19.6576148960308,69.46514235966936,2024-08-12,2025-01-14,10,0
8.012740196061223,73.37034587205507,2024-08-01,2024-09-13,10,1
25.88756802179267,71.78355954481727,2024-03-30,2025-01-05,2,1
20.369249505206028,81.69653085401711,2024-04-08,2024-12-21,3,1
25.690459054181318,88.24670917263174,2023-10-18,2024-07-18,8,1
13.583557671932677,90.08634212066367,2024-03-17,2024-10-27,6,1
27.820111153268467,85.67495118491647,2023-12-21,2024-06-24,10,0
28.32985837877516,94.71631622905657,2024-04-26,2025-02-17,9,1
19.063377433800223,88.71948644583962,2023-11-26,2024-03-05,10,1
36.7613710123129,70.59001728690143,2024-08-16,2024-11-25,6,0
25.26696748288287,84.29263236101157,2024-04-18,2025-03-17,2,0
22.744690580044455,80.82526589193353,2024-02-01,2024-08-10,2,1
20.16038378805004,86.90846884165168,2024-03-06,2024-05-04,2,1
35.347099049488634,88.3041544056484,2023-12-23,2024-03-21,5,1
10.203642394831759,74.88407487294783,2024-08-13,2025-05-18,7,0
12.282275998443204,81.55127937808548,2024-06-04,2025-02-13,5,0
12.31691604928861,79.77947546780905,2024-01-07,2024-08-04,4,1
19.17566836085206,73.99951747258231,2024-07-08,2025-03-31,2,0
8.60575242031653,95.42820283519616,2024-01-06,2024-05-28,6,1
26.82740282524533,96.32737858729223,2023-11-23,2024-04-26,4,1
19.87415297341758,79.41190928021119,2023-11-28,2024-06-11,3,1
11.155150920321194,94.96213985606195,2024-08-19,2025-02-01,8,1
33.08205188409679,87.64631964229993,2024-07-12,2025-02-06,1,1
35.791972133719696,78.27321584743719,2023-11-21,2024-02-03,6,0
13.13515024323815,82.24329718339098,2023-09-20,2024-08-21,3,1
26.10141723967653,91.00953333458018,2024-06-19,2025-05-27,5,0
13.12293058542653,96.65358341342883,2023-11-16,2024-04-11,10,0
36.996225473629,87.6948742138147,2024-04-09,2024-06-29,3,1
11.637534018578478,77.99964927873924,2023-12-03,2024-02-17,5,1
17.600312634894046,72.30837229858834,2024-04-05,2024-11-27,10,1
9.435747305695315,81.83634028946177,2024-05-30,2024-09-24,5,1
14.294863019045316,72.5870223958403,2024-05-04,2025-01-21,4,1
13.367495588737503,93.61574347291716,2024-04-22,2024-08-22,3,1
10.955182051201948,80.07539119625456,2024-06-15,2025-01-11,4,0
16.89030670529162,91.73936948015223,2023-11-20,2024-02-06,9,1
8.512837182622617,72.24256757255499,2023-10-31,2024-04-02,7,0
29.136577347663295,88.83734767751636,2023-09-07,2023-11-11,4,0
8.245854357506328,92.44075828758163,2024-02-21,2025-02-20,8,0
34.07352726063384,86.22676087136966,2024-02-26,2024-04-14,2,0
22.217519895760027,95.2668190633405,2024-07-23,2025-02-09,2,1
32.71623639869285,92.73215557505857,2024-03-20,2025-01-25,1,1
10.758544068469613,92.1558570752958,2023-10-29,2024-02-08,10,1
35.21969175263192,74.92659902027802,2024-07-14,2024-09-10,10,0
27.7509042052195,70.69443925253458,2024-08-30,2025-07-15,8,1
25.01304287657883,72.78982248774562,2023-10-20,2024-02-17,8,1
29.201947438719213,80.49064088297226,2023-09-15,2024-01-28,1,0
13.759027708011779,70.66805667777881,2024-06-02,2024-09-06,4,0
14.297336664784053,86.75304537942816,2024-06-10,2025-05-15,2,0
13.203255234356963,81.80923164460242,2024-05-17,2024-08-28,7,1
14.128992335425211,89.85088153549782,2024-07-02,2024-08-30,8,1
26.74594993006851,87.79883929841012,2024-01-01,2024-11-18,2,1
22.576932484596327,71.3131762086438,2023-10-07,2024-02-27,9,0
17.747991447941253,73.61444134192985,2024-03-18,2024-04-20,3,0
34.74342471978885,91.63649641644727,2024-07-27,2025-02-27,7,0
25.090095804525667,78.71302447079628,2024-01-23,2024-05-01,10,1
22.388094186075293,89.30436255969475,2023-09-17,2024-07-31,5,0
14.4468155712945,83.58198604161547,2024-08-31,2025-06-09,4,0
32.826824787073576,85.32603648702519,2023-12-01,2024-02-26,1,0
21.317371867439153,69.92774354365363,2023-10-21,2024-08-29,3,1
35.73800362621742,83.7795947701922,2023-09-20,2024-03-15,10,0
24.8838813066355,70.73020129551254,2024-06-10,2025-02-06,6,1
29.313518122850144,69.0675732124463,2024-08-29,2025-06-14,5,1
28.987675518916863,79.80278963030436,2024-07-29,2024-11-30,9,1
35.85186592594377,76.22502558916128,2024-02-05,2024-07-05,9,1
24.944472608868264,94.3208513299242,2023-12-23,2024-02-15,2,1
9.67944045810379,87.69622918412168,2023-12-18,2024-11-15,2,1
22.31048218263009,69.02337102636596,2023-10-05,2024-04-20,10,1
31.400429245373978,77.54004482798379,2024-08-16,2025-03-04,7,1
22.875361069439222,69.43958866022453,2024-01-27,2024-11-13,6,0
31.13077634612734,95.89392856907503,2024-05-12,2024-09-16,1,1
23.250527976362193,86.91393027127833,2024-03-09,2024-07-13,7,1
10.792708503474216,70.70000803678545,2024-01-12,2024-06-08,4,0
27.38209188702122,71.74307087922007,2024-05-17,2025-03-29,8,1
24.49025549066094,73.4121389924091,2023-11-24,2024-04-29,9,0
12.1521287034805,76.09155073557076,2024-01-18,2024-08-13,7,1
33.52834534282233,69.90085078352311,2024-01-23,2025-01-03,4,1
29.99579109382626,70.35366102356925,2024-01-19,2024-07-16,2,1
18.232746779162134,68.34577927918917,2024-05-28,2024-12-14,2,1
12.954970315072275,73.63334121803838,2024-03-30,2024-12-13,1,0
22.645218883472225,68.2619330319114,2024-08-07,2025-02-13,5,0
13.799569124682531,95.53385943268466,2024-09-04,2024-11-26,10,1
25.0445628478728,71.39651974143922,2024-08-23,2025-02-22,5,0
24.709887845585918,69.90004197684341,2024-01-07,2024-07-07,2,1
23.183398130758263,89.55518363448115,2024-01-25,2024-09-30,6,0
34.17190420056606,70.58075166543996,2023-09-25,2024-03-08,10,1
31.751107965132086,82.41930738585418,2024-01-03,2024-12-08,1,1
9.10052880731216,88.42535573786665,2023-10-08,2024-08-06,10,0
33.88708760367932,88.29522694640639,2023-11-06,2024-04-12,9,0
30.98379086260984,73.89743413921585,2024-07-05,2025-06-29,10,1
27.777231638417135,89.5930677860059,2024-06-10,2025-02-19,7,1
24.111904659029552,72.07486362656057,2023-12-17,2024-08-04,2,1
17.450457977138484,94.00017379459064,2024-09-04,2024-12-30,1,1
31.745831575579228,69.25085112295638,2023-09-25,2024-07-25,3,0
20.364550520506146,91.55158836810315,2024-01-30,2024-06-08,3,1
25.909337641441617,69.01500890128939,2023-12-20,2024-07-04,1,0
22.634156023966092,76.98394284267343,2024-06-01,2024-11-19,5,0
10.007912162491982,82.94380972576313,2024-04-10,2024-12-15,5,0
31.703092432542057,80.93863648878447,2024-04-13,2024-05-19,5,1
16.65462461238284,71.79660048807936,2024-07-09,2024-08-30,2,0
22.777658781611,72.04995299940349,2024-08-10,2025-02-08,3,0
24.27346186212763,83.24946487362678,2024-06-02,2024-08-08,8,1
29.881098358572473,96.13583879865666,2024-06-14,2024-09-14,8,0
8.333700553256431,93.77896368304262,2024-01-24,2024-12-26,3,1
25.974063530505607,93.57143923690236,2023-11-11,2024-03-02,2,1
14.560654393790323,92.70216259287542,2024-08-07,2025-07-08,10,1
30.14005504756099,74.16853917582854,2024-03-25,2025-02-23,8,1
22.625428635208657,95.79388664062463,2024-05-25,2024-08-26,9,1
13.633321526990798,79.26036295206477,2024-03-23,2025-01-22,4,1
29.922717270028667,80.0606578196214,2024-08-31,2025-01-25,3,1
18.53105428434421,87.62062791121728,2024-04-30,2024-07-08,6,1
11.7443178768972,92.73252925039377,2023-09-09,2024-08-27,6,0
21.249799724485563,73.57773615617413,2023-09-19,2024-04-14,4,1
27.548736474497556,70.91732301260453,2024-04-01,2024-12-21,8,0
30.825925337393777,76.92500872500246,2024-05-31,2024-07-05,9,0
33.84639339704,88.21979158003177,2024-08-06,2024-09-21,10,1
13.287363821300026,83.0727815967286,2024-01-26,2024-09-27,9,0
21.32471194760486,68.5833324765351,2023-10-13,2024-02-03,8,1
20.717350731651912,74.99275434173788,2024-05-04,2024-07-30,6,0
25.544311523803106,81.31937893334734,2024-03-25,2025-01-14,7,1
33.25372037607296,73.89626385332602,2024-06-19,2025-01-01,10,0
14.915196945771388,91.51738485347173,2024-04-07,2024-12-31,9,1
17.960833173069297,85.70562827720889,2024-02-06,2024-04-27,6,0
29.011127937483323,79.16324782551736,2024-03-01,2024-08-10,7,0
19.57440067716115,82.0990202868687,2024-02-01,2024-06-20,1,0
26.495362268670387,94.83331912741046,2024-06-09,2024-10-25,8,0
23.432424122728975,78.74643448725826,2024-06-06,2024-09-06,6,1
23.91654721607169,88.37696980858398,2024-03-07,2024-11-18,2,1
13.294630985866373,68.32878410889333,2023-11-10,2024-04-09,10,1
26.08507036854389,75.49993748823883,2024-05-12,2025-04-10,7,1
35.995826134841934,77.21795506371545,2024-01-08,2024-06-22,9,0
9.48932771494897,84.04177772587201,2024-03-14,2025-02-02,4,0
17.817443747106935,72.11129896846484,2024-01-03,2024-04-19,10,1
22.302547258002214,78.76620174763421,2024-08-22,2025-01-08,10,0
15.551765786324811,79.32418199339587,2023-12-07,2024-06-23,7,0
12.681757933761066,77.80334683884067,2023-10-04,2023-11-27,1,0
12.159709137827935,75.93745365358151,2023-09-17,2024-03-23,8,0
28.410649153056045,71.23346552087537,2023-12-08,2024-10-21,9,1
8.983785216617822,74.71873556535026,2024-05-05,2025-04-18,1,0
25.07472084982581,95.74285654709072,2024-06-22,2025-03-31,1,1
23.492510249422896,72.91224364647681,2024-01-24,2024-07-15,10,0
19.215466825174786,77.00772290205641,2024-01-06,2024-05-16,3,1
35.78848724576699,79.58021160648642,2023-10-22,2024-06-12,5,1
14.059747309326118,74.589502936505,2024-01-30,2024-08-14,7,1
21.289712400722994,86.25425618578744,2023-10-17,2024-01-26,7,0
31.20684884591382,76.33072847824867,2023-12-31,2024-05-09,3,1
15.692612097907023,78.98325830692157,2023-11-05,2024-01-12,2,0
30.03816176382008,88.76423721352207,2024-02-13,2024-03-28,3,1
26.32530628567709,74.274266229997,2024-01-31,2024-12-31,5,0
12.646729282073068,95.47304824791325,2024-09-05,2025-03-21,1,1
15.151412941296302,95.4157173031385,2024-04-21,2024-10-10,2,1
35.70717758015023,85.44387408563784,2023-10-31,2024-02-13,1,1
29.023229100364198,91.09250204600261,2024-06-05,2024-12-18,6,0
8.079585353995526,93.03244102223583,2024-01-11,2024-04-27,5,0
15.905360292658546,69.80480386727542,2024-07-05,2024-11-08,5,0
21.023669870982573,73.94966822867012,2023-10-31,2024-07-04,1,0
30.052190539046414,74.43699144661481,2024-05-20,2025-01-24,6,0
12.79324480167552,79.75926675207064,2024-06-11,2024-10-01,7,1
24.828351620454644,78.33744883171201,2024-08-16,2025-08-08,5,0
12.450145555446166,89.29035517677066,2024-08-18,2025-02-07,2,0
35.423771995043175,74.11553439065972,2023-09-25,2024-06-12,2,1
18.189167489358923,76.6429378368158,2024-04-02,2024-10-28,5,1
30.16079045623927,82.19914360053367,2024-01-05,2024-04-08,3,1
27.674685071511703,73.5449286922976,2024-06-19,2024-11-15,3,0
27.014412496442326,70.41572353643879,2024-08-08,2025-06-06,9,1
36.375258227584396,68.08011263473246,2024-02-20,2024-11-22,10,0
19.686912095088793,77.05640856897229,2024-01-11,2024-11-07,3,1
20.149234950095135,84.6416002298458,2023-11-04,2024-02-15,3,0
33.09414980952392,78.02373185263917,2024-06-09,2025-05-27,6,1
32.480182327110114,90.17113882334705,2024-07-27,2025-06-30,6,1
9.3511552532406,95.53863701723927,2023-10-18,2024-08-22,5,1
28.558884833061285,90.35124517016425,2024-07-08,2025-04-17,7,0
18.560159977037436,72.87850474884411,2024-07-30,2024-11-28,10,1
23.595020291422667,92.6932717231455,2023-12-04,2024-04-06,7,1
36.19977683585037,89.5277371705123,2023-12-04,2024-05-08,8,0
22.884931573046153,83.37002672281788,2024-03-21,2024-09-13,7,0
26.726576309299233,86.01670580304935,2024-07-19,2025-06-02,4,0
36.19469921932925,82.19320082706909,2024-04-17,2024-11-11,1,0
31.122850106822163,80.0639814796448,2024-01-14,2025-01-03,1,0
20.003942796573078,93.17168874198066,2023-09-24,2023-11-23,6,1
9.358753711097659,72.00480141427758,2023-10-06,2024-09-30,7,1
14.883332521482256,73.75761966674811,2024-02-09,2024-11-23,10,0
27.337676412584482,77.57133490080376,2024-04-25,2024-09-27,5,0
18.952873919309802,82.8952603745353,2024-08-03,2025-07-22,2,1
20.981221547430835,96.48985635020115,2024-06-14,2025-01-31,8,1
14.047789465357605,68.45285059411607,2023-12-13,2024-11-21,5,0
9.133903176532144,74.00647143018003,2024-03-21,2024-05-26,6,0
8.047377379805747,79.46145971168582,2024-04-26,2024-09-30,6,1
33.5818343417707,80.26510393390802,2024-05-26,2024-10-02,4,1
15.177559244229602,70.21757424258628,2024-05-10,2024-07-28,5,1
15.809390662704626,79.7903251711894,2024-02-05,2024-03-14,7,1
27.841205118833606,87.82576509635898,2024-06-12,2024-08-15,3,1
32.82334131039993,85.73617560959607,2023-10-07,2024-02-22,4,0
23.467764723479675,71.57225587481653,2024-01-10,2024-07-31,3,1
28.393327884171324,87.30186707656988,2023-11-17,2024-01-21,10,0
19.23574992415587,88.43716664622505,2024-08-10,2025-05-17,7,1
29.152979540879688,87.73901051084627,2024-08-10,2024-11-07,5,0
22.7085691288369,94.12891723446727,2023-09-13,2023-10-24,4,0
13.92132909375637,87.59009853305596,2024-08-12,2025-06-19,8,1
34.81356681049081,76.5352001832982,2024-05-21,2025-01-31,7,1
35.51276035129068,76.12774632800443,2024-04-03,2025-03-06,10,1
36.231510093988945,74.07184997208272,2024-03-18,2024-12-03,7,1
20.97244902854643,82.90311914972999,2023-11-09,2024-10-04,9,1
12.153710026607321,78.79435221540673,2024-03-01,2024-11-11,3,1
22.873509277920157,81.97587065007963,2024-01-09,2024-02-29,2,0
9.667370344216994,81.82291529448749,2024-07-08,2024-08-31,6,1
29.628944618492945,84.26298833820272,2024-03-17,2024-06-20,10,1
17.66034357533995,73.98838552640007,2023-09-30,2023-12-10,2,1
32.3433751292144,69.99541776558723,2023-12-02,2024-06-09,3,1
34.93290794781076,83.13572510935185,2024-02-08,2024-04-25,8,0
27.19327405507959,68.70478680777975,2023-10-18,2024-08-20,6,1
14.347294388708555,96.8096283716254,2023-12-07,2024-02-04,6,1
31.939969258590885,92.22775730402353,2023-09-29,2024-01-05,10,1
9.338985532125646,90.75919365540649,2024-06-23,2024-08-06,6,0
18.858504360477042,90.72166959702957,2023-10-19,2024-07-28,4,0
9.316552574913029,85.22503494180759,2024-05-15,2025-02-03,7,0
30.21165074227424,85.66250267836053,2023-09-10,2024-01-07,4,0
36.12876009113968,76.98036200807748,2024-07-14,2025-04-15,7,1
13.977000215125305,77.85076505244047,2024-03-27,2024-10-25,7,0
19.64379630220435,84.42085063544977,2024-08-10,2025-06-02,3,1
14.921800970955116,95.8007277464619,2024-06-12,2025-01-20,5,1
23.52259007376005,73.46793387532217,2024-03-22,2024-05-09,5,0
10.500261309271776,83.3223573439632,2024-03-03,2024-10-19,6,0
23.541803055479555,94.03633673590552,2024-09-02,2025-08-15,10,1
9.472866236795667,92.85968349329767,2024-06-08,2025-03-24,5,1
11.658247602176228,73.95488440210701,2024-04-15,2024-11-04,8,1
21.10856535480965,86.42364565845952,2023-09-24,2024-05-20,8,1
8.3231672522741,84.02011752222029,2024-01-22,2024-11-07,6,0
13.864286508121943,89.22608174764439,2024-06-14,2025-01-24,9,1
10.902843051519582,94.90783352475991,2023-12-04,2024-08-25,4,0
25.065789960721474,89.37997314716985,2024-05-18,2024-11-13,3,1
28.459260707507678,87.04543307020431,2024-04-21,2025-01-30,2,1
30.526220512660597,81.79230282130146,2024-08-20,2025-06-02,3,1
10.49448924434169,94.98620357200484,2024-05-16,2024-10-31,9,1
24.591950572652088,85.10629013188276,2024-01-20,2024-09-14,4,1
20.552519966931705,71.8717547537198,2024-08-08,2024-09-28,8,0
8.459441155375627,77.10826196905802,2024-05-31,2024-07-19,6,1
33.64714868872507,86.74122159448868,2024-01-09,2024-04-03,5,1
14.620810443745462,86.27842630743714,2024-06-23,2025-05-24,5,0
31.239114014149425,96.29826531484471,2023-09-17,2023-11-24,1,1
31.54612707121054,73.37266864581932,2024-08-17,2024-12-19,10,1
13.177076567867926,95.15650665179388,2024-07-06,2025-01-18,4,0
16.7294383845574,71.300309940457,2023-11-18,2024-02-25,2,1
26.022475246179425,83.92652975269404,2023-10-20,2024-06-27,8,1
13.406146105466597,83.05911722763851,2024-03-15,2024-09-15,2,0
15.22926930613892,80.08510454301506,2024-03-11,2025-02-08,7,1
15.814615571039253,96.18089957262177,2024-02-13,2024-03-21,4,1
25.922588122893703,78.18989174444324,2023-09-06,2024-07-27,6,0
13.007113522517384,72.59318376268223,2023-12-22,2024-02-25,10,0
24.932642566055392,80.18363264943889,2024-05-31,2025-01-25,7,1
15.3380392541162,79.32234631003308,2023-10-15,2024-05-28,1,1
28.474167099484337,89.75512223968354,2023-12-10,2024-01-24,9,1
24.869725438075843,88.68452091333288,2024-02-27,2025-01-28,5,1
14.959451894299793,89.44424635244575,2023-11-14,2024-07-21,10,0
26.420526062487337,81.98922110638728,2024-02-11,2024-05-21,3,1
24.465194749811435,90.34242636755772,2023-12-13,2024-01-28,1,1
11.6406601061632,88.86338790228406,2023-09-07,2024-08-20,4,0
12.143339640718349,95.47321951409751,2023-11-23,2024-02-13,3,1
33.789894982128054,96.22935235851605,2024-08-25,2024-10-31,6,0
27.135528329609755,95.73786056176627,2024-03-31,2024-10-20,9,1
13.496384179041044,89.23635287896334,2023-11-19,2024-06-27,10,0
28.307268327620523,70.30593589181467,2024-06-11,2025-04-07,5,0
34.09612825950005,86.82016174314046,2024-07-28,2025-02-22,6,1
24.846146126159383,84.28750107362288,2024-02-20,2024-10-02,9,1
28.504691737569487,96.66385456376362,2023-11-20,2024-04-27,3,0
28.251727467588374,76.01005195751965,2024-06-26,2024-09-05,1,1
35.90673045134762,90.13916898328718,2024-09-04,2025-05-15,9,0
25.846710418356725,85.66593727551104,2024-07-26,2024-12-18,7,1
19.277426232113307,85.34395181235313,2024-05-29,2025-03-20,8,1
21.34971866238429,85.684734047852,2024-01-03,2024-10-12,5,1
16.061592107101745,72.38039679737915,2024-02-07,2025-02-05,10,1
22.470549144172693,80.78852877517242,2024-04-23,2024-08-27,3,0
12.548191833719622,69.46644150207513,2023-11-08,2024-10-02,9,0
13.44582396132337,74.88575328540932,2024-01-08,2024-12-22,7,1
8.98986022487348,79.66999944028385,2024-01-16,2024-06-28,9,1
15.157886724786088,76.4618469439829,2024-08-23,2025-06-23,1,1
32.6585439562118,82.75700705911053,2023-09-13,2023-11-09,6,0
22.035609943978006,95.42729630472242,2023-12-05,2024-10-09,1,1
12.269909980902007,69.02387249175457,2023-11-10,2024-10-08,4,1
17.420034126664454,96.74999878936902,2024-05-08,2025-01-20,10,0
20.410253410063632,86.67483532021848,2023-12-13,2024-06-03,6,1
11.944086836397732,93.53564707386937,2024-03-26,2024-10-22,3,1
26.08415043106564,68.19270687121225,2024-05-21,2024-11-25,7,0
31.749449705928633,88.90062418562944,2023-12-03,2024-09-29,2,1
26.242487446685878,86.70902285440384,2023-12-05,2024-03-09,6,1
28.80638412513806,89.31149062823735,2024-08-06,2024-09-23,3,1
25.25066830425344,92.55088354427181,2024-03-26,2024-12-17,10,1
17.133683503491014,93.78689634034419,2024-01-25,2024-09-16,4,1
28.219643558244947,76.21822712591295,2023-09-14,2024-03-25,3,1
12.147319247290902,72.35317168097785,2024-05-24,2024-08-03,6,0
12.040621073161658,71.89976791870227,2023-10-02,2024-05-11,9,0
8.069406737927828,72.30157974705808,2024-05-07,2024-07-08,8,0
23.28840810733961,78.89607230879608,2024-03-24,2025-02-22,9,0
36.815039742840256,71.93879791506791,2024-02-15,2024-06-23,10,0
